chr17	41662875	41662894	MA0139.1_CTCF_human	14.776846792483202	-	41662884	106.56009252977371	4	4	Top by both scores
chr17	39622122	39622141	MA0139.1_CTCF_human	13.339005134261392	+	39622131	100.41675738906861	4	4	Top by both scores
chr17	45135413	45135432	MA0139.1_CTCF_human	16.196082557625946	+	45135422	99.51689758443833	4	4	Top by both scores
chr2	219642675	219642694	MA0139.1_CTCF_human	12.755664292572485	-	219642684	89.80920430350304	4	4	Top by both scores
chr2	120695764	120695783	MA0139.1_CTCF_human	11.994648058199706	+	120695773	78.56277098178863	4	4	Top by both scores
chr17	17860385	17860404	MA0139.1_CTCF_human	12.99561541873327	-	17860394	78.26933122634888	4	4	Top by both scores
chr2	237572162	237572181	MA0139.1_CTCF_human	16.474249209001535	-	237572171	74.09885846853257	4	4	Top by both scores
chr17	50783328	50783347	MA0139.1_CTCF_human	11.661433997269617	+	50783337	72.44822435379028	4	4	Top by both scores
chr17	82781950	82781969	MA0139.1_CTCF_human	15.24382188750177	+	82781959	71.3360382270813	4	4	Top by both scores
chr17	1187365	1187384	MA0139.1_CTCF_human	13.996207612445591	-	1187374	69.99456174564362	4	4	Top by both scores
chr17	41549412	41549431	MA0139.1_CTCF_human	12.063310803605518	+	41549421	69.53426348686219	4	4	Top by both scores
chr17	78422200	78422219	MA0139.1_CTCF_human	12.488076232358743	-	78422209	69.2510117931366	4	4	Top by both scores
chr17	40560442	40560461	MA0139.1_CTCF_human	12.1269188873151	-	40560451	69.09908094072343	4	4	Top by both scores
chr17	44779248	44779267	MA0139.1_CTCF_human	11.711366796060435	+	44779257	68.24075616836548	4	4	Top by both scores
chr17	74203548	74203567	MA0139.1_CTCF_human	13.048407282468158	+	74203557	67.29540046024323	4	4	Top by both scores
chr17	43483801	43483820	MA0139.1_CTCF_human	12.175913862726093	+	43483810	67.09893250656128	4	4	Top by both scores
chr17	8383313	8383332	MA0139.1_CTCF_human	13.706364825578495	-	8383322	66.03276712799072	4	4	Top by both scores
chr17	8383313	8383332	MA0139.1_CTCF_human	13.706364825578495	-	8383322	66.03276712799072	4	4	Top by both scores
chr17	75114219	75114238	MA0139.1_CTCF_human	14.196574609468383	+	75114228	65.83587285995483	4	4	Top by both scores
chr17	19766652	19766671	MA0139.1_CTCF_human	11.977263297230614	-	19766661	65.64707992744445	4	4	Top by both scores
chr17	10616691	10616710	MA0139.1_CTCF_human	12.43121278876783	+	10616700	65.39318051290512	4	4	Top by both scores
chr2	1817685	1817704	MA0139.1_CTCF_human	11.895315033098749	-	1817694	65.30739410018921	4	4	Top by both scores
chr17	28726990	28727009	MA0139.1_CTCF_human	12.490316984735664	+	28726999	64.82114669036865	4	4	Top by both scores
chr2	231707165	231707184	MA0139.1_CTCF_human	12.03279412068866	-	231707174	64.27750403976441	4	4	Top by both scores
chr17	78251037	78251056	MA0139.1_CTCF_human	15.6547695596108	+	78251046	63.715302147865295	4	4	Top by both scores
chr2	26577994	26578013	MA0139.1_CTCF_human	14.594779724045198	-	26578003	63.574529430389404	4	4	Top by both scores
chr17	57672071	57672090	MA0139.1_CTCF_human	12.536100105108854	-	57672080	63.49076735973358	4	4	Top by both scores
chr17	43678073	43678092	MA0139.1_CTCF_human	16.99290804175422	-	43678082	62.8882242474556	4	4	Top by both scores
chr2	112726891	112726910	MA0139.1_CTCF_human	16.33549745279655	-	112726900	62.8501767578125	4	4	Top by both scores
chr2	25362101	25362120	MA0139.1_CTCF_human	12.186128211532155	+	25362110	62.40369494247437	4	4	Top by both scores
chr17	49570175	49570194	MA0139.1_CTCF_human	13.16110037210588	+	49570184	62.26043347668648	4	4	Top by both scores
chr2	240514014	240514033	MA0139.1_CTCF_human	12.345720373757857	+	240514023	62.03599729156494	4	4	Top by both scores
chr17	42322910	42322929	MA0139.1_CTCF_human	13.897722850364357	+	42322919	61.630825372695924	4	4	Top by both scores
chr17	57598000	57598019	MA0139.1_CTCF_human	15.086167268299407	+	57598009	61.547529159545896	4	4	Top by both scores
chr17	4889244	4889263	MA0139.1_CTCF_human	15.758293375210911	-	4889253	61.546197500228885	4	4	Top by both scores
chr2	219403101	219403120	MA0139.1_CTCF_human	11.95637362215569	+	219403110	61.491909379959104	4	4	Top by both scores
chr17	76523263	76523282	MA0139.1_CTCF_human	14.27252152691707	+	76523272	61.468173254966736	4	4	Top by both scores
chr2	121071151	121071170	MA0139.1_CTCF_human	12.290641957075062	-	121071160	61.192844203472134	4	4	Top by both scores
chr17	10327747	10327766	MA0139.1_CTCF_human	13.3110734460852	+	10327756	61.092939357280734	4	4	Top by both scores
chr2	64331039	64331058	MA0139.1_CTCF_human	12.6123543273808	+	64331048	60.98427875518799	4	4	Top by both scores
chr2	219160239	219160258	MA0139.1_CTCF_human	11.734934824562918	+	219160248	60.188451084136965	4	4	Top by both scores
chr2	231677806	231677825	MA0139.1_CTCF_human	13.647315111037605	+	231677815	60.00660634279251	4	4	Top by both scores
chr2	75628073	75628092	MA0139.1_CTCF_human	15.57282642829983	-	75628082	59.78673540592194	4	4	Top by both scores
chr17	37047824	37047843	MA0139.1_CTCF_human	14.413524687405692	-	37047833	59.588269889354706	4	4	Top by both scores
chr2	232605975	232605994	MA0139.1_CTCF_human	12.644123680837811	+	232605984	59.011481226921084	4	4	Top by both scores
chr2	218847875	218847894	MA0139.1_CTCF_human	14.450903373651462	-	218847884	58.68178178954125	4	4	Top by both scores
chr2	9814006	9814025	MA0139.1_CTCF_human	14.615574227862467	+	9814015	58.51453515815735	4	4	Top by both scores
chr2	128736771	128736790	MA0139.1_CTCF_human	13.004263220083011	+	128736780	58.394045866012576	4	4	Top by both scores
chr17	29219572	29219591	MA0139.1_CTCF_human	12.89888415639854	-	29219581	58.3496064786911	4	4	Top by both scores
chr17	44779492	44779511	MA0139.1_CTCF_human	13.8996991578322	+	44779501	58.327556663513185	4	4	Top by both scores
chr2	71001276	71001295	MA0139.1_CTCF_human	15.364692894550036	-	71001285	58.09286143493652	4	4	Top by both scores
chr17	42025081	42025100	MA0139.1_CTCF_human	14.406416656868007	+	42025090	57.85135540771484	4	4	Top by both scores
chr2	232606280	232606299	MA0139.1_CTCF_human	12.301265232073114	+	232606289	57.77728633499145	4	4	Top by both scores
chr2	108928580	108928599	MA0139.1_CTCF_human	14.30493195621651	+	108928589	57.77613734817505	4	4	Top by both scores
chr2	238970654	238970673	MA0139.1_CTCF_human	15.132539369805876	-	238970663	57.71547894191742	4	4	Top by both scores
chr2	47768070	47768089	MA0139.1_CTCF_human	16.5547951609357	-	47768079	57.2705795173645	4	4	Top by both scores
chr17	78360941	78360960	MA0139.1_CTCF_human	12.600802998352153	+	78360950	57.20527341628075	4	4	Top by both scores
chr2	9142890	9142909	MA0139.1_CTCF_human	14.370272137018182	+	9142899	57.19237186527252	4	4	Top by both scores
chr17	5439219	5439238	MA0139.1_CTCF_human	13.296032183458196	-	5439228	56.986918539524076	4	4	Top by both scores
chr17	20121803	20121822	MA0139.1_CTCF_human	14.3990156856441	+	20121812	56.80483120918274	4	4	Top by both scores
chr2	196068439	196068458	MA0139.1_CTCF_human	12.773622490831134	-	196068448	56.4637744178772	4	4	Top by both scores
chr2	237745186	237745205	MA0139.1_CTCF_human	14.901496597924355	-	237745195	56.04271045732498	4	4	Top by both scores
chr17	49556499	49556518	MA0139.1_CTCF_human	14.714802769967712	-	49556508	55.96428555583954	4	4	Top by both scores
chr2	21043025	21043044	MA0139.1_CTCF_human	15.665748134783854	+	21043034	55.94541411352158	4	4	Top by both scores
chr2	217785637	217785656	MA0139.1_CTCF_human	13.399149866901531	+	217785646	55.675594101428985	4	4	Top by both scores
chr17	50200875	50200894	MA0139.1_CTCF_human	13.025021121500238	+	50200884	55.513242738246916	4	4	Top by both scores
chr17	50200875	50200894	MA0139.1_CTCF_human	13.025021121500238	+	50200884	55.513242738246916	4	4	Top by both scores
chr2	119703010	119703029	MA0139.1_CTCF_human	14.586136011062026	+	119703019	55.28819770526886	4	4	Top by both scores
chr17	21280168	21280187	MA0139.1_CTCF_human	14.201352111280336	+	21280177	55.07239313983917	4	4	Top by both scores
chr2	73163935	73163954	MA0139.1_CTCF_human	12.658111087596884	-	73163944	55.043944396972655	4	4	Top by both scores
chr17	38444272	38444291	MA0139.1_CTCF_human	12.268039568171211	+	38444281	54.983790410041806	4	4	Top by both scores
chr2	70617772	70617791	MA0139.1_CTCF_human	13.47108116381254	-	70617781	54.888709609270094	4	4	Top by both scores
chr17	17001951	17001970	MA0139.1_CTCF_human	15.217269206784346	+	17001960	54.77409407925606	4	4	Top by both scores
chr2	46987174	46987193	MA0139.1_CTCF_human	14.120694654887528	+	46987183	54.53138665962219	4	4	Top by both scores
chr2	10435110	10435129	MA0139.1_CTCF_human	14.59742856875	-	10435119	54.34545040893555	4	4	Top by both scores
chr17	49861283	49861302	MA0139.1_CTCF_human	15.852023797924684	+	49861292	54.34196255588532	4	4	Top by both scores
chr17	42527412	42527431	MA0139.1_CTCF_human	11.765563697900022	-	42527421	54.322457387924196	4	4	Top by both scores
chr17	40027187	40027206	MA0139.1_CTCF_human	16.077164483331245	-	40027196	54.278659255981445	4	4	Top by both scores
chr2	231612720	231612739	MA0139.1_CTCF_human	17.565930793710727	+	231612729	54.151715147018436	4	4	Top by both scores
chr17	41801750	41801769	MA0139.1_CTCF_human	14.826088868613663	-	41801759	54.073398495674134	4	4	Top by both scores
chr17	76466154	76466173	MA0139.1_CTCF_human	15.613819166141267	+	76466163	53.86049481391907	4	4	Top by both scores
chr17	41667150	41667169	MA0139.1_CTCF_human	11.706802853815914	-	41667159	53.8569075088501	4	4	Top by both scores
chr17	77056427	77056446	MA0139.1_CTCF_human	14.193059482746698	-	77056436	53.714267574310306	4	4	Top by both scores
chr17	46836045	46836064	MA0139.1_CTCF_human	12.042121108802029	-	46836054	53.66265751647949	4	4	Top by both scores
chr2	6773318	6773337	MA0139.1_CTCF_human	13.10653819808777	-	6773327	53.61231137084961	4	4	Top by both scores
chr2	130332724	130332743	MA0139.1_CTCF_human	11.843600100423224	-	130332733	53.60390968132019	4	4	Top by both scores
chr2	84303091	84303110	MA0139.1_CTCF_human	14.354466371976262	-	84303100	53.313369212150576	4	4	Top by both scores
chr17	41648805	41648824	MA0139.1_CTCF_human	11.764545203086328	+	41648814	53.09507943725586	4	4	Top by both scores
chr17	77066966	77066985	MA0139.1_CTCF_human	12.756103924114852	-	77066975	53.073094903469084	4	4	Top by both scores
chr17	38735262	38735281	MA0139.1_CTCF_human	14.562840911446331	-	38735271	53.06456242370606	4	4	Top by both scores
chr17	39153036	39153055	MA0139.1_CTCF_human	12.664259245615234	-	39153045	53.04465270423889	4	4	Top by both scores
chr17	72557105	72557124	MA0139.1_CTCF_human	12.315032422279186	+	72557114	52.758947719573975	4	4	Top by both scores
chr17	47949412	47949431	MA0139.1_CTCF_human	12.856725963919414	+	47949421	52.61357494306564	4	4	Top by both scores
chr17	82351992	82352011	MA0139.1_CTCF_human	15.35372395262448	+	82352001	52.59856296730042	4	4	Top by both scores
chr2	237512920	237512939	MA0139.1_CTCF_human	12.995417504143283	+	237512929	52.328406927108766	4	4	Top by both scores
chr2	70862012	70862031	MA0139.1_CTCF_human	13.77100549420994	+	70862021	51.90438789176941	4	4	Top by both scores
chr17	7280717	7280736	MA0139.1_CTCF_human	12.123947561349684	+	7280726	51.87341866207123	4	4	Top by both scores
chr2	96509563	96509582	MA0139.1_CTCF_human	12.959117233624822	-	96509572	51.859613813400266	4	4	Top by both scores
chr2	96554540	96554559	MA0139.1_CTCF_human	14.505927757519707	-	96554549	51.83763536262512	4	4	Top by both scores
chr2	73212663	73212682	MA0139.1_CTCF_human	13.455798650060284	-	73212672	51.77068819856644	4	4	Top by both scores
chr17	39244914	39244933	MA0139.1_CTCF_human	15.349002521372242	-	39244923	51.56094259262085	4	4	Top by both scores
chr17	76279657	76279676	MA0139.1_CTCF_human	14.778692463710028	-	76279666	51.523325657844545	4	4	Top by both scores
chr2	221573687	221573706	MA0139.1_CTCF_human	12.855223671516336	-	221573696	51.49678014945984	4	4	Top by both scores
chr17	41648060	41648079	MA0139.1_CTCF_human	16.40733675655429	-	41648069	51.45279294204712	4	4	Top by both scores
chr2	65553432	65553451	MA0139.1_CTCF_human	11.895679829273169	-	65553441	51.39851802062988	4	4	Top by both scores
chr2	205766937	205766956	MA0139.1_CTCF_human	13.021936018212182	+	205766946	51.268868881225586	4	4	Top by both scores
chr17	77495111	77495130	MA0139.1_CTCF_human	12.755512098768437	-	77495120	51.03275432491302	4	4	Top by both scores
chr17	18960985	18961004	MA0139.1_CTCF_human	14.272035899129513	+	18960994	50.98851739501953	4	4	Top by both scores
chr2	136423620	136423639	MA0139.1_CTCF_human	11.999985923522068	+	136423629	50.859565346241	4	4	Top by both scores
chr17	80008571	80008590	MA0139.1_CTCF_human	12.1778620942265	+	80008580	50.80186575603485	4	4	Top by both scores
chr17	61412536	61412555	MA0139.1_CTCF_human	11.725861095360068	+	61412545	50.79634352111817	4	4	Top by both scores
chr2	20326337	20326356	MA0139.1_CTCF_human	13.19348365835868	-	20326346	50.78967769384384	4	4	Top by both scores
chr17	77247189	77247208	MA0139.1_CTCF_human	13.048898137691047	-	77247198	50.549221912384034	4	4	Top by both scores
chr17	76014372	76014391	MA0139.1_CTCF_human	12.432206929997315	+	76014381	50.44027336120605	4	4	Top by both scores
chr2	240233054	240233073	MA0139.1_CTCF_human	13.657432620390573	+	240233063	50.24838536453247	4	4	Top by both scores
chr17	35764226	35764245	MA0139.1_CTCF_human	13.400059431806882	+	35764235	50.230446086883546	4	4	Top by both scores
chr2	85285639	85285658	MA0139.1_CTCF_human	12.782663461169564	-	85285648	50.156093370437624	4	4	Top by both scores
chr17	75750048	75750067	MA0139.1_CTCF_human	16.471359047065718	-	75750057	49.775128887176514	4	4	Top by both scores
chr17	75633085	75633104	MA0139.1_CTCF_human	16.409919131208472	+	75633094	49.691278913497925	4	4	Top by both scores
chr17	17641987	17642006	MA0139.1_CTCF_human	12.118700587454894	-	17641996	49.628732491016386	4	4	Top by both scores
chr17	59440967	59440986	MA0139.1_CTCF_human	13.403680280137516	-	59440976	49.451496829509736	4	4	Top by both scores
chr2	36785359	36785378	MA0139.1_CTCF_human	15.382928522176456	-	36785368	49.176408539772034	4	4	Top by both scores
chr2	84925985	84926004	MA0139.1_CTCF_human	16.202330837060536	+	84925994	49.17134464645386	4	4	Top by both scores
chr17	57833513	57833532	MA0139.1_CTCF_human	13.288705159940234	-	57833522	49.16044461727142	4	4	Top by both scores
chr2	143034450	143034469	MA0139.1_CTCF_human	12.80064126477158	+	143034459	49.151556094169614	4	4	Top by both scores
chr17	73429552	73429571	MA0139.1_CTCF_human	16.268697595499194	+	73429561	49.127781476020814	4	4	Top by both scores
chr2	219295008	219295027	MA0139.1_CTCF_human	12.487398459976008	-	219295017	49.02857723236084	4	4	Top by both scores
chr2	16609212	16609231	MA0139.1_CTCF_human	13.857063414432846	-	16609221	49.02226624107361	4	4	Top by both scores
chr2	112959001	112959020	MA0139.1_CTCF_human	13.006951974264616	-	112959010	49.02019128322601	4	4	Top by both scores
chr2	170928921	170928940	MA0139.1_CTCF_human	12.330288144042637	+	170928930	48.92283284378052	4	4	Top by both scores
chr2	170928921	170928940	MA0139.1_CTCF_human	12.330288144042637	+	170928930	48.92283284378052	4	4	Top by both scores
chr17	29580481	29580500	MA0139.1_CTCF_human	17.279473080810313	+	29580490	48.6219117565155	4	4	Top by both scores
chr17	7990337	7990356	MA0139.1_CTCF_human	11.944656229176935	-	7990346	48.610477157592776	4	4	Top by both scores
chr17	2026174	2026193	MA0139.1_CTCF_human	13.106067305968082	-	2026183	48.490899381637576	4	4	Top by both scores
chr2	227472072	227472091	MA0139.1_CTCF_human	16.992908041754216	+	227472081	48.42658552718162	4	4	Top by both scores
chr17	45099308	45099327	MA0139.1_CTCF_human	13.15933344300148	-	45099317	48.329036374092105	4	4	Top by both scores
chr2	127649906	127649925	MA0139.1_CTCF_human	15.262057284381584	-	127649915	48.31438049125671	4	4	Top by both scores
chr17	80427047	80427066	MA0139.1_CTCF_human	15.140115436097684	+	80427056	48.30143327140808	4	4	Top by both scores
chr2	20642566	20642585	MA0139.1_CTCF_human	14.955750222743845	-	20642575	48.27360024929047	4	4	Top by both scores
chr2	72862698	72862717	MA0139.1_CTCF_human	14.1523718408705	-	72862707	48.245287947654724	4	4	Top by both scores
chr2	240143956	240143975	MA0139.1_CTCF_human	14.590397963626463	-	240143965	48.232033728599546	4	4	Top by both scores
chr2	241950974	241950993	MA0139.1_CTCF_human	11.916011906712306	+	241950983	48.16862687301636	4	4	Top by both scores
chr17	1649010	1649029	MA0139.1_CTCF_human	13.614584062807204	+	1649019	48.13296722316742	4	4	Top by both scores
chr2	233443718	233443737	MA0139.1_CTCF_human	11.686605399731748	-	233443727	48.081576424598694	4	4	Top by both scores
chr2	85637654	85637673	MA0139.1_CTCF_human	14.732503995007606	+	85637663	48.065008548498156	4	4	Top by both scores
chr2	74715178	74715197	MA0139.1_CTCF_human	12.7914538491713	+	74715187	48.05092012691498	4	4	Top by both scores
chr2	230848074	230848093	MA0139.1_CTCF_human	14.942857897294656	+	230848083	48.039851393938065	4	4	Top by both scores
chr2	10832501	10832520	MA0139.1_CTCF_human	13.136524179268529	+	10832510	48.01500789642334	4	4	Top by both scores
chr17	49395193	49395212	MA0139.1_CTCF_human	14.067020064796132	-	49395202	47.9296354598999	4	4	Top by both scores
chr17	60143048	60143067	MA0139.1_CTCF_human	12.597058558867646	+	60143057	47.83586148738861	4	4	Top by both scores
chr17	6422188	6422207	MA0139.1_CTCF_human	15.587463770173889	-	6422197	47.8201895904541	4	4	Top by both scores
chr17	55526565	55526584	MA0139.1_CTCF_human	13.339269180085063	+	55526574	47.73274069929123	4	4	Top by both scores
chr2	85729133	85729152	MA0139.1_CTCF_human	12.821882482179292	+	85729142	47.7101086025238	4	4	Top by both scores
chr17	4413369	4413388	MA0139.1_CTCF_human	17.382937144045894	-	4413378	47.699316413402556	4	4	Top by both scores
chr2	28452656	28452675	MA0139.1_CTCF_human	12.185110627614252	-	28452665	47.49773643112183	4	4	Top by both scores
chr17	78112789	78112808	MA0139.1_CTCF_human	16.201785143051946	+	78112798	47.38181300020218	4	4	Top by both scores
chr17	38349299	38349318	MA0139.1_CTCF_human	12.417589477457156	+	38349308	47.25171259450912	4	4	Top by both scores
chr17	2828599	2828618	MA0139.1_CTCF_human	15.127592995112565	+	2828608	47.05615602874756	4	4	Top by both scores
chr17	28494879	28494898	MA0139.1_CTCF_human	16.315345617973488	+	28494888	47.04839401626587	4	4	Top by both scores
chr2	26605621	26605640	MA0139.1_CTCF_human	13.082333283272373	+	26605630	46.82925226068497	4	4	Top by both scores
chr17	44920175	44920194	MA0139.1_CTCF_human	13.756424986674856	+	44920184	46.81289985585213	4	4	Top by both scores
chr17	79082819	79082838	MA0139.1_CTCF_human	12.248359136629244	-	79082828	46.73979486465454	4	4	Top by both scores
chr17	48618741	48618760	MA0139.1_CTCF_human	11.913588605494924	-	48618750	46.68759294128418	4	4	Top by both scores
chr2	130797606	130797625	MA0139.1_CTCF_human	14.027935364787863	+	130797615	46.54998839569092	4	4	Top by both scores
chr17	50087624	50087643	MA0139.1_CTCF_human	14.443776133709504	-	50087633	46.539009672164916	4	4	Top by both scores
chr17	41738160	41738179	MA0139.1_CTCF_human	16.034528746687073	+	41738169	46.27156676006317	4	4	Top by both scores
chr17	46002698	46002717	MA0139.1_CTCF_human	13.82667907398305	+	46002707	46.04224846363068	4	4	Top by both scores
chr2	84882293	84882312	MA0139.1_CTCF_human	15.177376908674113	-	84882302	46.0302767868042	4	4	Top by both scores
chr2	218996180	218996199	MA0139.1_CTCF_human	14.778562144069912	+	218996189	45.97842667675018	4	4	Top by both scores
chr17	74744773	74744792	MA0139.1_CTCF_human	12.02732292160844	+	74744782	45.84613709449768	4	4	Top by both scores
chr2	98385248	98385267	MA0139.1_CTCF_human	11.715292906085706	-	98385257	45.68468699645996	4	4	Top by both scores
chr17	63479071	63479090	MA0139.1_CTCF_human	13.550683324335983	-	63479080	45.655559226989745	4	4	Top by both scores
chr2	95076900	95076919	MA0139.1_CTCF_human	12.260577190266178	+	95076909	45.534051288604736	4	4	Top by both scores
chr2	100985032	100985051	MA0139.1_CTCF_human	13.388610566433352	-	100985041	45.42030855941773	4	4	Top by both scores
chr2	218980211	218980230	MA0139.1_CTCF_human	13.822761124457992	+	218980220	45.39285422515869	4	4	Top by both scores
chr2	85814379	85814398	MA0139.1_CTCF_human	14.166210129020184	-	85814388	45.24480976486206	4	4	Top by both scores
chr17	64025961	64025980	MA0139.1_CTCF_human	14.599185872266524	-	64025970	45.20968433094025	4	4	Top by both scores
chr17	7688173	7688192	MA0139.1_CTCF_human	12.011273181734907	-	7688182	45.16124811267853	4	4	Top by both scores
chr17	10618292	10618311	MA0139.1_CTCF_human	14.113218969650095	-	10618301	45.120502650260924	4	4	Top by both scores
chr2	32946415	32946434	MA0139.1_CTCF_human	12.209147509899903	-	32946424	45.037599572181705	4	4	Top by both scores
chr17	49695617	49695636	MA0139.1_CTCF_human	13.270284845228426	-	49695626	45.02304957675934	4	4	Top by both scores
chr17	75238832	75238851	MA0139.1_CTCF_human	14.818380280703568	-	75238841	44.98294806575775	4	4	Top by both scores
chr2	9799844	9799863	MA0139.1_CTCF_human	14.443313000499032	+	9799853	44.800138298511506	4	4	Top by both scores
chr17	82775145	82775164	MA0139.1_CTCF_human	12.06305306979914	-	82775154	44.75002864074707	4	4	Top by both scores
chr17	49408162	49408181	MA0139.1_CTCF_human	13.479421809031503	+	49408171	44.65085029602051	4	4	Top by both scores
chr2	98413026	98413045	MA0139.1_CTCF_human	14.068001259278583	+	98413035	44.57220062828064	4	4	Top by both scores
chr17	82021306	82021325	MA0139.1_CTCF_human	14.380146472029368	-	82021315	44.51216644668579	4	4	Top by both scores
chr2	170409224	170409243	MA0139.1_CTCF_human	15.6540009635747	+	170409233	44.465338461875916	4	4	Top by both scores
chr2	25951180	25951199	MA0139.1_CTCF_human	13.101135243159872	+	25951189	44.45292176294327	4	4	Top by both scores
chr17	59521664	59521683	MA0139.1_CTCF_human	11.836513801934752	+	59521673	44.332511590957644	4	4	Top by both scores
chr17	44533687	44533706	MA0139.1_CTCF_human	15.591010567201009	+	44533696	44.31423693370819	4	4	Top by both scores
chr2	235779596	235779615	MA0139.1_CTCF_human	14.57850374295186	+	235779605	44.249962000846864	4	4	Top by both scores
chr17	40075686	40075705	MA0139.1_CTCF_human	12.418625227253818	-	40075695	44.17833434486389	4	4	Top by both scores
chr17	74865048	74865067	MA0139.1_CTCF_human	12.603505956294889	-	74865057	44.11820997047424	4	4	Top by both scores
chr2	119641744	119641763	MA0139.1_CTCF_human	14.477739675015124	+	119641753	44.098608125686646	4	4	Top by both scores
chr17	49180470	49180489	MA0139.1_CTCF_human	13.537283754471687	+	49180479	44.059219371080395	4	4	Top by both scores
chr17	74210575	74210594	MA0139.1_CTCF_human	15.020738654976658	+	74210584	43.9409650387764	4	4	Top by both scores
chr2	231482901	231482920	MA0139.1_CTCF_human	15.96550139320523	+	231482910	43.89974318313599	4	4	Top by both scores
chr2	27683693	27683712	MA0139.1_CTCF_human	15.656491123655728	-	27683702	43.80320818710327	4	4	Top by both scores
chr2	29923301	29923320	MA0139.1_CTCF_human	13.965057579473092	+	29923310	43.7730040102005	4	4	Top by both scores
chr17	47890104	47890123	MA0139.1_CTCF_human	15.68023614836345	-	47890113	43.68092165708542	4	4	Top by both scores
chr2	88160075	88160094	MA0139.1_CTCF_human	14.979711200519498	-	88160084	43.59630298829079	4	4	Top by both scores
chr2	130372645	130372664	MA0139.1_CTCF_human	12.970053178158976	-	130372654	43.56427832794189	4	4	Top by both scores
chr17	28251808	28251827	MA0139.1_CTCF_human	11.717589438668448	-	28251817	43.53853576850891	4	4	Top by both scores
chr2	1550878	1550897	MA0139.1_CTCF_human	16.6418271431166	-	1550887	43.5083135509491	4	4	Top by both scores
chr2	219495546	219495565	MA0139.1_CTCF_human	12.597772799084549	+	219495555	43.41054353809357	4	4	Top by both scores
chr17	43910355	43910374	MA0139.1_CTCF_human	12.420815268661103	+	43910364	43.29675878357887	4	4	Top by both scores
chr17	7822880	7822899	MA0139.1_CTCF_human	15.174588488731086	+	7822889	43.21227593684196	4	4	Top by both scores
chr2	46464650	46464669	MA0139.1_CTCF_human	13.803736130895135	+	46464659	43.211099960803985	4	4	Top by both scores
chr17	29370299	29370318	MA0139.1_CTCF_human	12.253196623030613	+	29370308	43.14909470820427	4	4	Top by both scores
chr17	77430242	77430261	MA0139.1_CTCF_human	11.987885386323468	+	77430251	43.13396792793274	4	4	Top by both scores
chr2	113249344	113249363	MA0139.1_CTCF_human	13.506135092530052	+	113249353	42.926327514648435	4	4	Top by both scores
chr17	15502980	15502999	MA0139.1_CTCF_human	12.49867003060434	-	15502989	42.92063755321503	4	4	Top by both scores
chr2	102473106	102473125	MA0139.1_CTCF_human	12.006489997861117	+	102473115	42.864404331207275	4	4	Top by both scores
chr17	43576809	43576828	MA0139.1_CTCF_human	14.00343782590592	+	43576818	42.748330945014956	4	4	Top by both scores
chr2	20963141	20963160	MA0139.1_CTCF_human	15.187280727499962	-	20963150	42.7478801240921	4	4	Top by both scores
chr17	8785988	8786007	MA0139.1_CTCF_human	11.604390908486618	-	8785997	42.72624255752564	4	4	Top by both scores
chr17	44865322	44865341	MA0139.1_CTCF_human	13.244755842745992	-	44865331	42.69965430259705	4	4	Top by both scores
chr2	210503184	210503203	MA0139.1_CTCF_human	14.120314068196556	+	210503193	42.67265397834778	4	4	Top by both scores
chr2	112600198	112600217	MA0139.1_CTCF_human	13.850582154313884	+	112600207	42.64251205921173	4	4	Top by both scores
chr2	26961886	26961905	MA0139.1_CTCF_human	11.656897397479597	+	26961895	42.636021089553836	4	4	Top by both scores
chr2	128233688	128233707	MA0139.1_CTCF_human	12.855647534016738	-	128233697	42.6189822101593	4	4	Top by both scores
chr2	238263651	238263670	MA0139.1_CTCF_human	11.708686297764851	-	238263660	42.55891816329956	4	4	Top by both scores
chr2	86808524	86808543	MA0139.1_CTCF_human	12.919163492337212	+	86808533	42.55859586048126	4	4	Top by both scores
chr2	43229696	43229715	MA0139.1_CTCF_human	13.996408438669189	-	43229705	42.54094506120682	4	4	Top by both scores
chr17	38584524	38584543	MA0139.1_CTCF_human	13.229266607842009	-	38584533	42.45680333518982	4	4	Top by both scores
chr17	74368436	74368455	MA0139.1_CTCF_human	17.219591233486607	+	74368445	42.39835200881958	4	4	Top by both scores
chr17	60638915	60638934	MA0139.1_CTCF_human	13.612667430386278	-	60638924	42.396088357925414	4	4	Top by both scores
chr17	48026583	48026602	MA0139.1_CTCF_human	13.047457571299262	+	48026592	42.32242469882965	4	4	Top by both scores
chr17	49227598	49227617	MA0139.1_CTCF_human	15.187280727499962	-	49227607	42.318099003076554	4	4	Top by both scores
chr2	231452152	231452171	MA0139.1_CTCF_human	14.390101543618108	-	231452161	42.213934596061705	4	4	Top by both scores
chr2	43612640	43612659	MA0139.1_CTCF_human	13.006951974264616	+	43612649	42.16092728614807	4	4	Top by both scores
chr2	149017569	149017588	MA0139.1_CTCF_human	14.823446486520028	+	149017578	42.14147743701935	4	4	Top by both scores
chr2	48111328	48111347	MA0139.1_CTCF_human	12.688126946222363	+	48111337	42.13455071353912	4	4	Top by both scores
chr2	109128145	109128164	MA0139.1_CTCF_human	14.198253924888377	+	109128154	42.113009143829345	4	4	Top by both scores
chr2	60674736	60674755	MA0139.1_CTCF_human	16.23648162003032	-	60674745	42.08434228610992	4	4	Top by both scores
chr17	2848957	2848976	MA0139.1_CTCF_human	13.3675906028281	+	2848966	42.062484719276426	4	4	Top by both scores
chr17	50478737	50478756	MA0139.1_CTCF_human	11.688102910550104	+	50478746	42.05838309860229	4	4	Top by both scores
chr2	217756715	217756734	MA0139.1_CTCF_human	14.006397336705854	-	217756724	41.99471725225449	4	4	Top by both scores
chr2	218301449	218301468	MA0139.1_CTCF_human	15.055437805953929	+	218301458	41.93557329511643	4	4	Top by both scores
chr17	56961107	56961126	MA0139.1_CTCF_human	13.695271834949486	-	56961116	41.92570136320591	4	4	Top by both scores
chr17	79087759	79087778	MA0139.1_CTCF_human	15.188838687260434	+	79087768	41.90134332609177	4	4	Top by both scores
chr2	231056559	231056578	MA0139.1_CTCF_human	14.373711508124387	+	231056568	41.88915073680878	4	4	Top by both scores
chr2	10072746	10072765	MA0139.1_CTCF_human	15.431172589993418	+	10072755	41.851889051437375	4	4	Top by both scores
chr2	233054119	233054138	MA0139.1_CTCF_human	16.930061803085653	-	233054128	41.783562757492064	4	4	Top by both scores
chr2	219530341	219530360	MA0139.1_CTCF_human	13.777664865853009	-	219530350	41.780028925418854	4	4	Top by both scores
chr2	11132777	11132796	MA0139.1_CTCF_human	12.5111811747886	+	11132786	41.70740445709229	4	4	Top by both scores
chr17	412407	412426	MA0139.1_CTCF_human	12.212548281167171	+	412416	41.64512267971039	4	4	Top by both scores
chr17	7022143	7022162	MA0139.1_CTCF_human	12.139730487831992	-	7022152	41.35283136844635	4	4	Top by both scores
chr17	78993330	78993349	MA0139.1_CTCF_human	14.79873546433278	+	78993339	41.309176891326906	4	4	Top by both scores
chr2	151999168	151999187	MA0139.1_CTCF_human	12.672064545046242	+	151999177	41.2816640996933	4	4	Top by both scores
chr2	218898398	218898417	MA0139.1_CTCF_human	13.21014416182293	-	218898407	41.28133388710022	4	4	Top by both scores
chr17	42517628	42517647	MA0139.1_CTCF_human	12.782752371179749	-	42517637	41.227283348560334	4	4	Top by both scores
chr17	7296559	7296578	MA0139.1_CTCF_human	11.882205658678917	-	7296568	41.1225753698349	4	4	Top by both scores
chr2	200905886	200905905	MA0139.1_CTCF_human	14.21721314856678	+	200905895	41.02608914279938	4	4	Top by both scores
chr2	48106706	48106725	MA0139.1_CTCF_human	14.733128442208166	-	48106715	41.01672190856934	4	4	Top by both scores
chr2	112481185	112481204	MA0139.1_CTCF_human	11.920088683519769	+	112481194	40.96521401596069	4	4	Top by both scores
chr2	231715408	231715427	MA0139.1_CTCF_human	15.987532529952452	-	231715417	40.93917206192017	4	4	Top by both scores
chr2	112941924	112941943	MA0139.1_CTCF_human	14.465339736616077	-	112941933	40.887631514549255	4	4	Top by both scores
chr17	45132016	45132035	MA0139.1_CTCF_human	14.427574614858871	-	45132025	40.80683460044861	4	4	Top by both scores
chr2	37891110	37891129	MA0139.1_CTCF_human	15.062542537262129	-	37891119	40.585666442871094	4	4	Top by both scores
chr2	88740187	88740206	MA0139.1_CTCF_human	11.869345823152075	+	88740196	40.56781186485291	4	4	Top by both scores
chr2	232440724	232440743	MA0139.1_CTCF_human	16.375588254705004	-	232440733	40.5182677462101	4	4	Top by both scores
chr17	59005053	59005072	MA0139.1_CTCF_human	11.844511294990998	-	59005062	40.403183305740356	4	4	Top by both scores
chr17	40358652	40358671	MA0139.1_CTCF_human	15.77360106948954	+	40358661	40.37880717229843	4	4	Top by both scores
chr2	88001995	88002014	MA0139.1_CTCF_human	15.25913830829638	-	88002004	40.365040806293486	4	4	Top by both scores
chr17	76398168	76398187	MA0139.1_CTCF_human	13.27772587477684	-	76398177	40.29356014823914	4	4	Top by both scores
chr2	102753743	102753762	MA0139.1_CTCF_human	16.581139868207345	+	102753752	40.29135838317871	4	4	Top by both scores
chr2	20379194	20379213	MA0139.1_CTCF_human	12.763269898138152	+	20379203	40.2861818447113	4	4	Top by both scores
chr2	57760001	57760020	MA0139.1_CTCF_human	15.81062416451108	+	57760010	40.20024592113495	4	4	Top by both scores
chr17	27893417	27893436	MA0139.1_CTCF_human	13.929295159998349	-	27893426	40.19682920694351	4	4	Top by both scores
chr17	10845325	10845344	MA0139.1_CTCF_human	12.786527952888733	-	10845334	40.136143485546114	4	4	Top by both scores
chr2	100263034	100263053	MA0139.1_CTCF_human	14.934467370828392	+	100263043	39.95627096939087	4	4	Top by both scores
chr17	77086674	77086693	MA0139.1_CTCF_human	13.851785343837086	+	77086683	39.91777407836914	4	4	Top by both scores
chr17	30477297	30477316	MA0139.1_CTCF_human	12.662927781597572	+	30477306	39.81868987989426	4	4	Top by both scores
chr17	79391950	79391969	MA0139.1_CTCF_human	11.812108775927047	-	79391959	39.78123755550384	4	4	Top by both scores
chr2	219119622	219119641	MA0139.1_CTCF_human	12.867644728633309	-	219119631	39.74238686466217	4	4	Top by both scores
chr17	15257515	15257534	MA0139.1_CTCF_human	13.309579329890196	+	15257524	39.6739192905426	4	4	Top by both scores
chr17	16363945	16363964	MA0139.1_CTCF_human	14.118181996898956	+	16363954	39.4727028169632	4	4	Top by both scores
chr2	38536256	38536275	MA0139.1_CTCF_human	17.134597051083084	+	38536265	39.41908968639374	4	4	Top by both scores
chr17	50626299	50626318	MA0139.1_CTCF_human	13.352887090073809	-	50626308	39.38935019564629	4	4	Top by both scores
chr2	101342359	101342378	MA0139.1_CTCF_human	13.892261511472272	+	101342368	39.31152725744248	4	4	Top by both scores
chr17	74961755	74961774	MA0139.1_CTCF_human	15.714932625341822	+	74961764	39.286882011413574	4	4	Top by both scores
chr2	169141948	169141967	MA0139.1_CTCF_human	12.924860212666196	-	169141957	39.24202193903923	4	4	Top by both scores
chr17	9959555	9959574	MA0139.1_CTCF_human	14.321736150385766	-	9959564	39.219065111160276	4	4	Top by both scores
chr17	35849666	35849685	MA0139.1_CTCF_human	14.63097795340069	+	35849675	39.14399788856506	4	4	Top by both scores
chr2	231601806	231601825	MA0139.1_CTCF_human	12.89338675256805	-	231601815	39.05866614103317	4	4	Top by both scores
chr17	2353217	2353236	MA0139.1_CTCF_human	12.843272337315408	-	2353226	39.01525831842422	4	4	Top by both scores
chr17	38414885	38414904	MA0139.1_CTCF_human	12.40882525654205	-	38414894	38.93762597441673	4	4	Top by both scores
chr17	17812403	17812422	MA0139.1_CTCF_human	13.877489952815829	+	17812412	38.928052797317505	4	4	Top by both scores
chr2	172104020	172104039	MA0139.1_CTCF_human	15.412725121422742	-	172104029	38.90816226577759	4	4	Top by both scores
chr2	85552245	85552264	MA0139.1_CTCF_human	14.774198576315934	-	85552254	38.821925329208376	4	4	Top by both scores
chr2	20661650	20661669	MA0139.1_CTCF_human	14.277956896802818	+	20661659	38.81978407716751	4	4	Top by both scores
chr17	45852875	45852894	MA0139.1_CTCF_human	16.08735359473595	-	45852884	38.67365420341492	4	4	Top by both scores
chr17	3863862	3863881	MA0139.1_CTCF_human	13.163515309069766	+	3863871	38.630286411762235	4	4	Top by both scores
chr2	112626694	112626713	MA0139.1_CTCF_human	11.917938724703465	+	112626703	38.60871354818344	4	4	Top by both scores
chr2	121080342	121080361	MA0139.1_CTCF_human	14.882626680840009	-	121080351	38.50843822336197	4	4	Top by both scores
chr17	39634581	39634600	MA0139.1_CTCF_human	12.073402010664813	-	39634590	38.42655095481872	4	4	Top by both scores
chr17	80196260	80196279	MA0139.1_CTCF_human	16.975832576165775	+	80196269	38.38017982888222	4	4	Top by both scores
chr17	44331484	44331503	MA0139.1_CTCF_human	13.860070163075193	-	44331493	38.35083940410614	4	4	Top by both scores
chr17	68172586	68172605	MA0139.1_CTCF_human	13.813076851954351	+	68172595	38.350420753240584	4	4	Top by both scores
chr2	177149093	177149112	MA0139.1_CTCF_human	12.768747938713464	-	177149102	38.34983196258545	4	4	Top by both scores
chr2	18387867	18387886	MA0139.1_CTCF_human	14.09732033898446	+	18387876	38.23960652828217	4	4	Top by both scores
chr2	85750676	85750695	MA0139.1_CTCF_human	12.513305323534604	+	85750685	38.205391585350036	4	4	Top by both scores
chr2	234545101	234545120	MA0139.1_CTCF_human	13.46330787602496	-	234545110	38.17507783842087	4	4	Top by both scores
chr2	217886900	217886919	MA0139.1_CTCF_human	16.329756571861193	-	217886909	38.173583162307736	4	4	Top by both scores
chr17	39175092	39175111	MA0139.1_CTCF_human	14.652994828698494	-	39175101	38.17187007904053	4	4	Top by both scores
chr17	45385704	45385723	MA0139.1_CTCF_human	15.991325454135673	-	45385713	38.16280202293396	4	4	Top by both scores
chr17	43760583	43760602	MA0139.1_CTCF_human	12.347906269276574	-	43760592	38.037395915269855	4	4	Top by both scores
chr17	66728112	66728131	MA0139.1_CTCF_human	12.24381831275732	+	66728121	38.005389965534214	4	4	Top by both scores
chr17	27654877	27654896	MA0139.1_CTCF_human	16.448180678323915	+	27654886	37.97672167396546	4	4	Top by both scores
chr17	48457428	48457447	MA0139.1_CTCF_human	11.680150362738855	-	48457437	37.87364412641525	4	4	Top by both scores
chr2	237421705	237421724	MA0139.1_CTCF_human	12.138493007942587	+	237421714	37.859924215316774	4	4	Top by both scores
chr17	48131398	48131417	MA0139.1_CTCF_human	13.403680280137516	-	48131407	37.85048343849182	4	4	Top by both scores
chr17	64029053	64029072	MA0139.1_CTCF_human	16.244024868821295	+	64029062	37.83038308477402	4	4	Top by both scores
chr17	3737862	3737881	MA0139.1_CTCF_human	11.91510220438861	+	3737871	37.80915750312805	4	4	Top by both scores
chr17	41963144	41963163	MA0139.1_CTCF_human	11.64557147989028	+	41963153	37.79389874458313	4	4	Top by both scores
chr2	74335027	74335046	MA0139.1_CTCF_human	12.504609428177703	-	74335036	37.787303545475005	4	4	Top by both scores
chr2	230987391	230987410	MA0139.1_CTCF_human	16.79095516841097	-	230987400	37.73736620903015	4	4	Top by both scores
chr2	127050322	127050341	MA0139.1_CTCF_human	15.121926234813191	-	127050331	37.674524964809414	4	4	Top by both scores
chr2	88880536	88880555	MA0139.1_CTCF_human	13.6755719466027	+	88880545	37.66549311351776	4	4	Top by both scores
chr2	120313332	120313351	MA0139.1_CTCF_human	12.390674479728164	-	120313341	37.48398454189301	4	4	Top by both scores
chr17	72986286	72986305	MA0139.1_CTCF_human	11.982068693168538	+	72986295	37.46304961204529	4	4	Top by both scores
chr17	82300960	82300979	MA0139.1_CTCF_human	12.94842746424199	+	82300969	37.38992415165901	4	4	Top by both scores
chr2	48420906	48420925	MA0139.1_CTCF_human	11.707554914936033	-	48420915	37.354861652851106	4	4	Top by both scores
chr17	65137270	65137289	MA0139.1_CTCF_human	14.534367150423282	-	65137279	37.27174000310898	4	4	Top by both scores
chr17	45395286	45395305	MA0139.1_CTCF_human	12.433375510019411	+	45395295	37.2533121099472	4	4	Top by both scores
chr17	10227035	10227054	MA0139.1_CTCF_human	14.71509751959196	-	10227044	37.1488779425621	4	4	Top by both scores
chr17	27333010	27333029	MA0139.1_CTCF_human	13.12800991018315	-	27333019	37.08484742736817	4	4	Top by both scores
chr17	31842720	31842739	MA0139.1_CTCF_human	15.383777641651566	-	31842729	37.00691504693031	4	4	Top by both scores
chr17	57243264	57243283	MA0139.1_CTCF_human	14.260482347719586	+	57243273	37.0067995223999	4	4	Top by both scores
chr17	45640538	45640557	MA0139.1_CTCF_human	13.944379510476487	+	45640547	36.97736602830887	4	4	Top by both scores
chr17	35539551	35539570	MA0139.1_CTCF_human	13.002966604400056	-	35539560	36.85991964387894	4	4	Top by both scores
chr2	75677492	75677511	MA0139.1_CTCF_human	14.573615653232132	-	75677501	36.84752376556396	4	4	Top by both scores
chr17	77331578	77331597	MA0139.1_CTCF_human	14.032678466287456	+	77331587	36.82505265712738	4	4	Top by both scores
chr2	85266645	85266664	MA0139.1_CTCF_human	13.875924955276314	+	85266654	36.82335262870789	4	4	Top by both scores
chr2	219029851	219029870	MA0139.1_CTCF_human	15.445904415336638	+	219029860	36.78281418275833	4	4	Top by both scores
chr17	47001302	47001321	MA0139.1_CTCF_human	13.813076851954351	-	47001311	36.77356358528137	4	4	Top by both scores
chr2	18378222	18378241	MA0139.1_CTCF_human	11.656785006188697	-	18378231	36.768471578598025	4	4	Top by both scores
chr2	222708423	222708442	MA0139.1_CTCF_human	14.803220567905036	+	222708432	36.752064802646636	4	4	Top by both scores
chr17	1365600	1365619	MA0139.1_CTCF_human	12.045221019644144	+	1365609	36.74688573360443	4	4	Top by both scores
chr2	237471640	237471659	MA0139.1_CTCF_human	11.950255838250005	+	237471649	36.71593230772019	4	4	Top by both scores
chr2	170815898	170815917	MA0139.1_CTCF_human	14.485494002216942	-	170815907	36.63197100257874	4	4	Top by both scores
chr2	174771737	174771756	MA0139.1_CTCF_human	15.075394713632864	+	174771746	36.45322071743011	4	4	Top by both scores
chr2	121077132	121077151	MA0139.1_CTCF_human	15.341821354763091	+	121077141	36.424413001060486	4	4	Top by both scores
chr2	227884592	227884611	MA0139.1_CTCF_human	12.42491626745916	-	227884601	36.40255031692982	4	4	Top by both scores
chr2	84927181	84927200	MA0139.1_CTCF_human	15.803050768480068	-	84927190	36.396637484073636	4	4	Top by both scores
chr17	19992924	19992943	MA0139.1_CTCF_human	12.366175901361908	+	19992933	36.284681045532224	4	4	Top by both scores
chr17	74379581	74379600	MA0139.1_CTCF_human	13.341189300858035	+	74379590	36.27666370344162	4	4	Top by both scores
chr2	84314989	84315008	MA0139.1_CTCF_human	13.806765616335715	-	84314998	36.208399936676024	4	4	Top by both scores
chr2	231713984	231714003	MA0139.1_CTCF_human	13.628787141001734	-	231713993	36.1680837802887	4	4	Top by both scores
chr17	40803703	40803722	MA0139.1_CTCF_human	12.910640469325106	+	40803712	36.13781290388107	4	4	Top by both scores
chr17	27609786	27609805	MA0139.1_CTCF_human	12.617759936586028	+	27609795	36.124705181121826	4	4	Top by both scores
chr2	79935930	79935949	MA0139.1_CTCF_human	12.597453744339482	+	79935939	35.91130871343613	4	4	Top by both scores
chr2	99490557	99490576	MA0139.1_CTCF_human	11.66110322545186	-	99490566	35.90841129875183	4	4	Top by both scores
chr2	45643824	45643843	MA0139.1_CTCF_human	15.593592941855192	+	45643833	35.87256440544128	4	4	Top by both scores
chr17	10631233	10631252	MA0139.1_CTCF_human	12.239579658233088	+	10631242	35.867945480823515	4	4	Top by both scores
chr2	11582886	11582905	MA0139.1_CTCF_human	11.83932175996795	-	11582895	35.8542201795578	4	4	Top by both scores
chr17	43673974	43673993	MA0139.1_CTCF_human	13.161353843377269	-	43673983	35.82536256980896	4	4	Top by both scores
chr17	8991696	8991715	MA0139.1_CTCF_human	13.880049432683428	+	8991705	35.79365061068535	4	4	Top by both scores
chr2	16757361	16757380	MA0139.1_CTCF_human	16.71173870352442	-	16757370	35.77044871234894	4	4	Top by both scores
chr17	73255852	73255871	MA0139.1_CTCF_human	16.375588254705	+	73255861	35.741606025218964	4	4	Top by both scores
chr17	76408740	76408759	MA0139.1_CTCF_human	13.559787046413415	+	76408749	35.706324881672856	4	4	Top by both scores
chr2	152037037	152037056	MA0139.1_CTCF_human	11.890973329411956	+	152037046	35.67104137706757	4	4	Top by both scores
chr2	133844462	133844481	MA0139.1_CTCF_human	15.48754650396543	-	133844471	35.66759485387802	4	4	Top by both scores
chr17	47698996	47699015	MA0139.1_CTCF_human	14.960785317560594	+	47699005	35.6529192738533	4	4	Top by both scores
chr17	68436566	68436585	MA0139.1_CTCF_human	15.54312097269829	-	68436575	35.652549508571624	4	4	Top by both scores
chr2	202574020	202574039	MA0139.1_CTCF_human	12.973721314577748	+	202574029	35.63019927859306	4	4	Top by both scores
chr17	28540886	28540905	MA0139.1_CTCF_human	16.76413351787218	-	28540895	35.6052013463974	4	4	Top by both scores
chr2	165015214	165015233	MA0139.1_CTCF_human	16.511113247543154	+	165015223	35.59058017063141	4	4	Top by both scores
chr17	75905145	75905164	MA0139.1_CTCF_human	17.527590544719615	+	75905154	35.56348550772667	4	4	Top by both scores
chr2	168118839	168118858	MA0139.1_CTCF_human	12.488657721583682	-	168118848	35.532501704216	4	4	Top by both scores
chr17	13337972	13337991	MA0139.1_CTCF_human	11.734527941451164	+	13337981	35.51166084194183	4	4	Top by both scores
chr17	1276329	1276348	MA0139.1_CTCF_human	13.983562212416317	+	1276338	35.44024719429016	4	4	Top by both scores
chr2	224651007	224651026	MA0139.1_CTCF_human	12.28081653622859	-	224651016	35.36443733859062	4	4	Top by both scores
chr2	102240996	102241015	MA0139.1_CTCF_human	14.807273292350857	-	102241005	35.29519085907936	4	4	Top by both scores
chr17	29931527	29931546	MA0139.1_CTCF_human	13.41455400522496	-	29931536	35.27397191476822	4	4	Top by both scores
chr2	230160339	230160358	MA0139.1_CTCF_human	15.117511645115068	-	230160348	35.16680295562744	4	4	Top by both scores
chr17	13031979	13031998	MA0139.1_CTCF_human	13.101968694731369	-	13031988	35.09420051240921	4	4	Top by both scores
chr17	49032333	49032352	MA0139.1_CTCF_human	12.475336124591292	-	49032342	35.079186010360715	4	4	Top by both scores
chr17	1056222	1056241	MA0139.1_CTCF_human	13.272118003413636	-	1056231	35.072572324752805	4	4	Top by both scores
chr2	97806900	97806919	MA0139.1_CTCF_human	12.940183455942464	+	97806909	35.04576244711876	4	4	Top by both scores
chr2	74250284	74250303	MA0139.1_CTCF_human	15.898045456061077	+	74250293	35.027978330612186	4	4	Top by both scores
chr2	130873887	130873906	MA0139.1_CTCF_human	12.70919872396532	-	130873896	34.96670568823814	4	4	Top by both scores
chr2	62457108	62457127	MA0139.1_CTCF_human	11.985159644229103	+	62457117	34.941441462516785	4	4	Top by both scores
chr2	176079987	176080006	MA0139.1_CTCF_human	13.537692638218672	-	176079996	34.94024312591553	4	4	Top by both scores
chr2	212567796	212567815	MA0139.1_CTCF_human	15.529459098964342	-	212567805	34.88971307086945	4	4	Top by both scores
chr17	81253494	81253513	MA0139.1_CTCF_human	15.357622072160328	+	81253503	34.79698364853859	4	4	Top by both scores
chr17	76715014	76715033	MA0139.1_CTCF_human	12.805125075752194	-	76715023	34.79305693769455	4	4	Top by both scores
chr2	209334616	209334635	MA0139.1_CTCF_human	13.851551446144107	+	209334625	34.7042496329546	4	4	Top by both scores
chr2	218853011	218853030	MA0139.1_CTCF_human	11.679641121770308	+	218853020	34.693136268615724	4	4	Top by both scores
chr17	55514188	55514207	MA0139.1_CTCF_human	16.4635865229994	-	55514197	34.64087393283844	4	4	Top by both scores
chr17	9924907	9924926	MA0139.1_CTCF_human	14.14292563384192	+	9924916	34.62745180082321	4	4	Top by both scores
chr2	174462951	174462970	MA0139.1_CTCF_human	13.473536953481815	+	174462960	34.59694482588768	4	4	Top by both scores
chr17	59747021	59747040	MA0139.1_CTCF_human	13.033523964539643	+	59747030	34.45902902698517	4	4	Top by both scores
chr2	97591009	97591028	MA0139.1_CTCF_human	12.194304744051516	+	97591018	34.44124578666687	4	4	Top by both scores
chr2	196751190	196751209	MA0139.1_CTCF_human	13.76846055947422	+	196751199	34.35941025876999	4	4	Top by both scores
chr17	40086623	40086642	MA0139.1_CTCF_human	13.281460249900665	-	40086632	34.34403536081314	4	4	Top by both scores
chr2	96951344	96951363	MA0139.1_CTCF_human	14.149308945477438	-	96951353	34.33961824512482	4	4	Top by both scores
chr2	113199268	113199287	MA0139.1_CTCF_human	12.9784162592348	-	113199277	34.28889037084579	4	4	Top by both scores
chr17	27601889	27601908	MA0139.1_CTCF_human	16.0918282193566	-	27601898	34.22045534133911	4	4	Top by both scores
chr2	176652506	176652525	MA0139.1_CTCF_human	13.608339332301483	-	176652515	34.17756498503685	4	4	Top by both scores
chr17	34171406	34171425	MA0139.1_CTCF_human	12.86761050375904	+	34171415	34.11437145233154	4	4	Top by both scores
chr17	74791648	74791667	MA0139.1_CTCF_human	14.792257362458354	+	74791657	34.11257320308685	4	4	Top by both scores
chr17	78971454	78971473	MA0139.1_CTCF_human	13.45424821267028	-	78971463	34.11123018169403	4	4	Top by both scores
chr17	19363019	19363038	MA0139.1_CTCF_human	12.8528038183623	+	19363028	34.101832663059234	4	4	Top by both scores
chr17	5249729	5249748	MA0139.1_CTCF_human	14.11362383249782	+	5249738	34.08265709936619	4	4	Top by both scores
chr17	10646592	10646611	MA0139.1_CTCF_human	11.86392780947106	+	10646601	34.05552511620522	4	4	Top by both scores
chr2	35410629	35410648	MA0139.1_CTCF_human	14.757615273047575	-	35410638	34.01761719179154	4	4	Top by both scores
chr2	41869894	41869913	MA0139.1_CTCF_human	14.954450649729973	+	41869903	33.98127916908264	4	4	Top by both scores
chr17	39654032	39654051	MA0139.1_CTCF_human	14.44765883837822	-	39654041	33.9673180565834	4	4	Top by both scores
chr17	35119896	35119915	MA0139.1_CTCF_human	12.058569838196613	-	35119905	33.96251566910744	4	4	Top by both scores
chr2	102840104	102840123	MA0139.1_CTCF_human	13.032154563087207	+	102840113	33.902670454978946	4	4	Top by both scores
chr2	118882795	118882814	MA0139.1_CTCF_human	13.311474911196264	+	118882804	33.8801525554657	4	4	Top by both scores
chr17	57858096	57858115	MA0139.1_CTCF_human	15.77982785810037	+	57858105	33.86652829504013	4	4	Top by both scores
chr17	34638425	34638444	MA0139.1_CTCF_human	11.726938692333514	-	34638434	33.864925030231475	4	4	Top by both scores
chr2	59025338	59025357	MA0139.1_CTCF_human	12.238728308855524	+	59025347	33.85943213176727	4	4	Top by both scores
chr17	42067456	42067475	MA0139.1_CTCF_human	13.197927269066138	+	42067465	33.80668995666504	4	4	Top by both scores
chr2	39593927	39593946	MA0139.1_CTCF_human	13.868337570832646	+	39593936	33.750648991584775	4	4	Top by both scores
chr2	135797659	135797678	MA0139.1_CTCF_human	15.178858776868443	-	135797668	33.64390069007874	4	4	Top by both scores
chr2	240061157	240061176	MA0139.1_CTCF_human	12.40302450337328	+	240061166	33.620653102874755	4	4	Top by both scores
chr17	50094437	50094456	MA0139.1_CTCF_human	12.2661238650928	+	50094446	33.545137718200685	4	4	Top by both scores
chr2	3303777	3303796	MA0139.1_CTCF_human	12.59301562415534	-	3303786	33.5011958322525	4	4	Top by both scores
chr17	62066112	62066131	MA0139.1_CTCF_human	13.282494395464797	-	62066121	33.458778671741484	4	4	Top by both scores
chr17	56716058	56716077	MA0139.1_CTCF_human	14.555091827957533	-	56716067	33.44732755184174	4	4	Top by both scores
chr2	199739993	199740012	MA0139.1_CTCF_human	15.520586488749096	-	199740002	33.41303282546997	4	4	Top by both scores
chr2	30714260	30714279	MA0139.1_CTCF_human	13.95948230395603	+	30714269	33.39345463228226	4	4	Top by both scores
chr2	204145407	204145426	MA0139.1_CTCF_human	14.373542082579528	+	204145416	33.377665040016176	4	4	Top by both scores
chr2	18520699	18520718	MA0139.1_CTCF_human	14.09543155598529	+	18520708	33.28429450368881	4	4	Top by both scores
chr2	112749837	112749856	MA0139.1_CTCF_human	14.51105895225712	+	112749846	33.280474594116214	4	4	Top by both scores
chr17	42763597	42763616	MA0139.1_CTCF_human	14.392893320752568	-	42763606	33.243038196563724	4	4	Top by both scores
chr2	179422222	179422241	MA0139.1_CTCF_human	14.688745161544803	+	179422231	33.1916736344099	4	4	Top by both scores
chr17	63425565	63425584	MA0139.1_CTCF_human	13.171357819424912	+	63425574	33.188875376701354	4	4	Top by both scores
chr2	225668802	225668821	MA0139.1_CTCF_human	11.812304678660004	+	225668811	33.06932549619675	4	4	Top by both scores
chr2	135004421	135004440	MA0139.1_CTCF_human	11.90335924327152	+	135004430	32.98016859531403	4	4	Top by both scores
chr2	65265244	65265263	MA0139.1_CTCF_human	12.695622275811456	+	65265253	32.973906202316286	4	4	Top by both scores
chr2	37982276	37982295	MA0139.1_CTCF_human	13.043215855801805	+	37982285	32.93463129425049	4	4	Top by both scores
chr2	233711597	233711616	MA0139.1_CTCF_human	14.840731590268366	-	233711606	32.92432608890533	4	4	Top by both scores
chr2	24084464	24084483	MA0139.1_CTCF_human	14.909822398800443	-	24084473	32.92127658653259	4	4	Top by both scores
chr2	165293886	165293905	MA0139.1_CTCF_human	13.134468622283858	-	165293895	32.81366652965546	4	4	Top by both scores
chr17	10614730	10614749	MA0139.1_CTCF_human	12.158921775864592	-	10614739	32.69861216688156	4	4	Top by both scores
chr2	105545914	105545933	MA0139.1_CTCF_human	13.189217946727426	-	105545923	32.68661431360245	4	4	Top by both scores
chr17	50362154	50362173	MA0139.1_CTCF_human	13.680489752493804	+	50362163	32.672578255653384	4	4	Top by both scores
chr2	70871665	70871684	MA0139.1_CTCF_human	15.317959452050951	+	70871674	32.58620701932907	4	4	Top by both scores
chr17	45235840	45235859	MA0139.1_CTCF_human	14.115169427773894	-	45235849	32.56875965166092	4	4	Top by both scores
chr17	74457725	74457744	MA0139.1_CTCF_human	11.914479749860543	-	74457734	32.55603871393204	4	4	Top by both scores
chr17	56780384	56780403	MA0139.1_CTCF_human	13.912371942691207	-	56780393	32.523317915916444	4	4	Top by both scores
chr17	50140044	50140063	MA0139.1_CTCF_human	14.536476719901442	+	50140053	32.504178658485415	4	4	Top by both scores
chr17	43394120	43394139	MA0139.1_CTCF_human	14.66955628092682	+	43394129	32.48622641420364	4	4	Top by both scores
chr2	170973590	170973609	MA0139.1_CTCF_human	15.403698712393586	+	170973599	32.39406337022781	4	4	Top by both scores
chr2	64873616	64873635	MA0139.1_CTCF_human	12.90931907586417	-	64873625	32.3524929933548	4	4	Top by both scores
chr2	3827819	3827838	MA0139.1_CTCF_human	11.922567397220444	-	3827828	32.3473018579483	4	4	Top by both scores
chr17	49548671	49548690	MA0139.1_CTCF_human	14.796489161747534	-	49548680	32.33656416320801	4	4	Top by both scores
chr2	100381357	100381376	MA0139.1_CTCF_human	11.932833080587288	-	100381366	32.31892421531677	4	4	Top by both scores
chr2	240438432	240438451	MA0139.1_CTCF_human	14.883556040516408	-	240438441	32.193802824497226	4	4	Top by both scores
chr17	33779287	33779306	MA0139.1_CTCF_human	12.152635067703642	+	33779296	32.18623108911514	4	4	Top by both scores
chr17	20226921	20226940	MA0139.1_CTCF_human	11.7439518934202	+	20226930	32.14095176124573	4	4	Top by both scores
chr2	85300513	85300532	MA0139.1_CTCF_human	17.121825565024196	-	85300522	32.124766975402835	4	4	Top by both scores
chr2	64646509	64646528	MA0139.1_CTCF_human	13.05469788252378	+	64646518	32.094560053348545	4	4	Top by both scores
chr17	41666063	41666082	MA0139.1_CTCF_human	16.129945839294205	-	41666072	32.090898806095126	4	4	Top by both scores
chr2	25376884	25376903	MA0139.1_CTCF_human	13.318190613095435	-	25376893	32.04165191459656	4	4	Top by both scores
chr2	102020785	102020804	MA0139.1_CTCF_human	13.052424183059552	+	102020794	31.978741040229796	4	4	Top by both scores
chr2	68122558	68122577	MA0139.1_CTCF_human	12.011684204950177	+	68122567	31.97250124979019	4	4	Top by both scores
chr17	32998499	32998518	MA0139.1_CTCF_human	13.490104217911515	-	32998508	31.971298961639405	4	4	Top by both scores
chr2	185739016	185739035	MA0139.1_CTCF_human	12.430580610547404	-	185739025	31.968862288713456	4	4	Top by both scores
chr2	44981778	44981797	MA0139.1_CTCF_human	14.895640668747465	+	44981787	31.954852137565613	4	4	Top by both scores
chr2	232611802	232611821	MA0139.1_CTCF_human	14.620337893165908	+	232611811	31.919915824890136	4	4	Top by both scores
chr2	80073231	80073250	MA0139.1_CTCF_human	14.77879082437815	+	80073240	31.91929696750641	4	4	Top by both scores
chr17	75747988	75748007	MA0139.1_CTCF_human	13.20214429448919	-	75747997	31.871659565210344	4	4	Top by both scores
chr2	24410111	24410130	MA0139.1_CTCF_human	11.867589806223796	+	24410120	31.84914263153076	4	4	Top by both scores
chr2	26745910	26745929	MA0139.1_CTCF_human	15.12157648299753	-	26745919	31.841667615890504	4	4	Top by both scores
chr2	238256695	238256714	MA0139.1_CTCF_human	12.396613812938288	+	238256704	31.807706775665284	4	4	Top by both scores
chr17	44345914	44345933	MA0139.1_CTCF_human	13.76175347009186	-	44345923	31.801147436141967	4	4	Top by both scores
chr17	36149130	36149149	MA0139.1_CTCF_human	14.527818555042144	-	36149139	31.75260760974884	4	4	Top by both scores
chr2	11478100	11478119	MA0139.1_CTCF_human	13.559790406614894	+	11478109	31.7421566529274	4	4	Top by both scores
chr2	118202897	118202916	MA0139.1_CTCF_human	11.897392454764905	+	118202906	31.736742109298707	4	4	Top by both scores
chr17	1259271	1259290	MA0139.1_CTCF_human	14.735101282310604	+	1259280	31.643758345365523	4	4	Top by both scores
chr2	60642480	60642499	MA0139.1_CTCF_human	14.674401768751432	-	60642489	31.56854055595398	4	4	Top by both scores
chr2	69013019	69013038	MA0139.1_CTCF_human	13.46048777413666	+	69013028	31.542569786548615	4	4	Top by both scores
chr2	231906242	231906261	MA0139.1_CTCF_human	15.635707837990848	+	231906251	31.49944492340088	4	4	Top by both scores
chr2	41782754	41782773	MA0139.1_CTCF_human	12.890799388843908	-	41782763	31.4157229347229	4	4	Top by both scores
chr2	215270024	215270043	MA0139.1_CTCF_human	13.775747418351818	-	215270033	31.359616629600524	4	4	Top by both scores
chr2	70985026	70985045	MA0139.1_CTCF_human	12.840721344674831	+	70985035	31.35620927143097	4	4	Top by both scores
chr2	69724819	69724838	MA0139.1_CTCF_human	12.227283727225956	+	69724828	31.316361640691756	4	4	Top by both scores
chr2	218034907	218034926	MA0139.1_CTCF_human	15.218734622307338	-	218034916	31.315140860319136	4	4	Top by both scores
chr2	172127433	172127452	MA0139.1_CTCF_human	12.771622801432503	-	172127442	31.26699031829834	4	4	Top by both scores
chr2	149561470	149561489	MA0139.1_CTCF_human	14.46221068143776	-	149561479	31.227451422691345	4	4	Top by both scores
chr2	168119697	168119716	MA0139.1_CTCF_human	12.98537520490957	-	168119706	31.129754519462587	4	4	Top by both scores
chr2	10835482	10835501	MA0139.1_CTCF_human	11.882488368719809	+	10835491	31.098813239574433	4	4	Top by both scores
chr2	121085123	121085142	MA0139.1_CTCF_human	13.108505672348109	+	121085132	31.08188697600365	4	4	Top by both scores
chr2	192162610	192162629	MA0139.1_CTCF_human	13.619295864726888	-	192162619	31.018684750556947	4	4	Top by both scores
chr2	84023008	84023027	MA0139.1_CTCF_human	13.262423914045735	+	84023017	31.014459370851515	4	4	Top by both scores
chr17	46044520	46044539	MA0139.1_CTCF_human	14.184244902159737	+	46044529	31.014111398935317	4	4	Top by both scores
chr17	5587616	5587635	MA0139.1_CTCF_human	15.878015237799474	+	5587625	30.98859800386429	4	4	Top by both scores
chr2	11779353	11779372	MA0139.1_CTCF_human	14.896127180412003	-	11779362	30.98135783958435	4	4	Top by both scores
chr17	42312377	42312396	MA0139.1_CTCF_human	14.716161255117772	+	42312386	30.980257397532462	4	4	Top by both scores
chr2	96960574	96960593	MA0139.1_CTCF_human	11.927467081235577	-	96960583	30.911392665863037	4	4	Top by both scores
chr17	3827336	3827355	MA0139.1_CTCF_human	11.947102230097862	-	3827345	30.838122610092164	4	4	Top by both scores
chr17	43766595	43766614	MA0139.1_CTCF_human	13.387717136239663	-	43766604	30.78964868402481	4	4	Top by both scores
chr17	67800572	67800591	MA0139.1_CTCF_human	12.103040874199491	+	67800581	30.735072692871093	4	4	Top by both scores
chr17	75412770	75412789	MA0139.1_CTCF_human	12.25121824706357	-	75412779	30.727028198719026	4	4	Top by both scores
chr17	45832297	45832316	MA0139.1_CTCF_human	12.467334918135265	-	45832306	30.64866397804022	4	4	Top by both scores
chr17	13024634	13024653	MA0139.1_CTCF_human	12.707380758764216	+	13024643	30.648315249443055	4	4	Top by both scores
chr2	98837251	98837270	MA0139.1_CTCF_human	13.251792990780803	-	98837260	30.579346661567687	4	4	Top by both scores
chr17	29573004	29573023	MA0139.1_CTCF_human	12.010630236340129	-	29573013	30.56377194881439	4	4	Top by both scores
chr2	235766384	235766403	MA0139.1_CTCF_human	13.171181931112288	+	235766393	30.483662472724916	4	4	Top by both scores
chr17	81241815	81241834	MA0139.1_CTCF_human	11.839344982259233	-	81241824	30.436028937101366	4	4	Top by both scores
chr2	176554640	176554659	MA0139.1_CTCF_human	13.959482303956031	-	176554649	30.429922410964966	4	4	Top by both scores
chr2	29196990	29197009	MA0139.1_CTCF_human	11.903335566758177	-	29196999	30.405061136245727	4	4	Top by both scores
chr2	217789371	217789390	MA0139.1_CTCF_human	14.815805386410492	+	217789380	30.3693037648201	4	4	Top by both scores
chr17	49998402	49998421	MA0139.1_CTCF_human	15.26692722608763	-	49998411	30.32123979139328	4	4	Top by both scores
chr17	65100713	65100732	MA0139.1_CTCF_human	13.735735025756334	-	65100722	30.292545024871828	4	4	Top by both scores
chr2	135710067	135710086	MA0139.1_CTCF_human	13.267875640848528	-	135710076	30.2716353931427	4	4	Top by both scores
chr17	27760209	27760228	MA0139.1_CTCF_human	17.44836575736864	+	27760218	30.227805560112	4	4	Top by both scores
chr17	30104669	30104688	MA0139.1_CTCF_human	13.808771225711885	+	30104678	30.188554582595824	4	4	Top by both scores
chr2	230008350	230008369	MA0139.1_CTCF_human	13.009517171870888	+	230008359	30.188009763002395	4	4	Top by both scores
chr17	3846360	3846379	MA0139.1_CTCF_human	15.625616561133947	-	3846369	30.164780810117723	4	4	Top by both scores
chr17	81023971	81023990	MA0139.1_CTCF_human	15.429148495766214	+	81023980	30.111302711486818	4	4	Top by both scores
chr2	20682362	20682381	MA0139.1_CTCF_human	12.943333415451024	+	20682371	30.029571603775025	4	4	Top by both scores
chr17	67689739	67689758	MA0139.1_CTCF_human	14.864151053783688	-	67689748	30.00027401423454	4	4	Top by both scores
chr2	119660221	119660240	MA0139.1_CTCF_human	15.46115352778718	-	119660230	29.998930216789244	4	4	Top by both scores
chr2	235136145	235136164	MA0139.1_CTCF_human	13.408892371579618	+	235136154	29.97123865222931	4	4	Top by both scores
chr17	1908902	1908921	MA0139.1_CTCF_human	12.756866571260709	+	1908911	29.965807997226715	4	4	Top by both scores
chr17	8073809	8073828	MA0139.1_CTCF_human	12.411958478335432	+	8073818	29.95811742782593	4	4	Top by both scores
chr17	7356185	7356204	MA0139.1_CTCF_human	12.448283712801826	+	7356194	29.955837035179137	4	4	Top by both scores
chr2	58762377	58762396	MA0139.1_CTCF_human	12.83338001346213	+	58762386	29.815692909002305	4	4	Top by both scores
chr17	65556567	65556586	MA0139.1_CTCF_human	13.906073352870507	-	65556576	29.744447379112245	4	4	Top by both scores
chr2	42096094	42096113	MA0139.1_CTCF_human	14.166144507106049	+	42096103	29.69651677083969	4	4	Top by both scores
chr2	44244217	44244236	MA0139.1_CTCF_human	13.620663175678091	+	44244226	29.593599915027617	4	4	Top by both scores
chr2	218068962	218068981	MA0139.1_CTCF_human	14.30466068479732	-	218068971	29.573335144042968	4	4	Top by both scores
chr2	205948253	205948272	MA0139.1_CTCF_human	14.893122131933064	-	205948262	29.533600922107695	4	4	Top by both scores
chr17	20116855	20116874	MA0139.1_CTCF_human	13.146166370346505	-	20116864	29.504308556914328	4	4	Top by both scores
chr2	219541944	219541963	MA0139.1_CTCF_human	11.711681910053004	+	219541953	29.49707661294937	4	4	Top by both scores
chr2	54838731	54838750	MA0139.1_CTCF_human	13.688003078404764	-	54838740	29.463839960098266	4	4	Top by both scores
chr2	143284272	143284291	MA0139.1_CTCF_human	12.942080338002254	-	143284281	29.455115163326262	4	4	Top by both scores
chr2	25196601	25196620	MA0139.1_CTCF_human	14.821350623530382	-	25196610	29.416014021396638	4	4	Top by both scores
chr2	65187432	65187451	MA0139.1_CTCF_human	12.357665265750994	-	65187441	29.411207248687745	4	4	Top by both scores
chr2	157327711	157327730	MA0139.1_CTCF_human	14.0781065138921	+	157327720	29.401558186531066	4	4	Top by both scores
chr2	41853848	41853867	MA0139.1_CTCF_human	13.164519339020154	+	41853857	29.393514751434328	4	4	Top by both scores
chr2	101012829	101012848	MA0139.1_CTCF_human	12.482958949505711	+	101012838	29.33050206387043	4	4	Top by both scores
chr17	29117310	29117329	MA0139.1_CTCF_human	16.47848123255731	-	29117319	29.323820053100587	4	4	Top by both scores
chr2	36664294	36664313	MA0139.1_CTCF_human	12.476141137256342	-	36664303	29.28300568127632	4	4	Top by both scores
chr17	78014033	78014052	MA0139.1_CTCF_human	12.184708999254282	-	78014042	29.250234017372133	4	4	Top by both scores
chr17	17355081	17355100	MA0139.1_CTCF_human	16.831045970319426	+	17355090	29.207914333343506	4	4	Top by both scores
chr17	51764551	51764570	MA0139.1_CTCF_human	12.25689364454362	+	51764560	29.2018681306839	4	4	Top by both scores
chr17	57131142	57131161	MA0139.1_CTCF_human	14.663731724154294	+	57131151	29.11304004263878	4	4	Top by both scores
chr2	237093360	237093379	MA0139.1_CTCF_human	13.328887664499485	+	237093369	29.077983488082886	4	4	Top by both scores
chr2	216034158	216034177	MA0139.1_CTCF_human	14.327420549825272	+	216034167	28.950778677463532	4	4	Top by both scores
chr2	177263648	177263667	MA0139.1_CTCF_human	14.4452328832021	+	177263657	28.94716362643242	4	4	Top by both scores
chr17	61390114	61390133	MA0139.1_CTCF_human	12.451598332966318	-	61390123	28.946693830490112	4	4	Top by both scores
chr17	48791200	48791219	MA0139.1_CTCF_human	12.58940498318838	-	48791209	28.89537551689148	4	4	Top by both scores
chr2	88919525	88919544	MA0139.1_CTCF_human	12.652708132668987	-	88919534	28.84467365717888	4	4	Top by both scores
chr17	45219070	45219089	MA0139.1_CTCF_human	13.949059687842707	+	45219079	28.839084458351135	4	4	Top by both scores
chr2	198314746	198314765	MA0139.1_CTCF_human	12.03627094523815	+	198314755	28.787175486564635	4	4	Top by both scores
chr2	7203133	7203152	MA0139.1_CTCF_human	11.812490964521029	+	7203142	28.747364375591278	4	4	Top by both scores
chr17	81142881	81142900	MA0139.1_CTCF_human	14.066279184029565	+	81142890	28.71919862270355	4	4	Top by both scores
chr2	226797045	226797064	MA0139.1_CTCF_human	12.055143951464334	-	226797054	28.7036931014061	4	4	Top by both scores
chr17	82494849	82494868	MA0139.1_CTCF_human	14.46066437625858	-	82494858	28.665378290772438	4	4	Top by both scores
chr2	100243109	100243128	MA0139.1_CTCF_human	13.373426172730108	-	100243118	28.552038050174712	4	4	Top by both scores
chr2	236181050	236181069	MA0139.1_CTCF_human	13.41033159598099	-	236181059	28.52128032541275	4	4	Top by both scores
chr17	17891190	17891209	MA0139.1_CTCF_human	12.23891697083548	+	17891199	28.500003468036653	4	4	Top by both scores
chr2	85420821	85420840	MA0139.1_CTCF_human	13.318662106494775	+	85420830	28.49479412961006	4	4	Top by both scores
chr2	158754194	158754213	MA0139.1_CTCF_human	13.49950825032643	-	158754203	28.47105047273636	4	4	Top by both scores
chr2	64488156	64488175	MA0139.1_CTCF_human	13.64807707890282	-	64488165	28.409391775608064	4	4	Top by both scores
chr2	177724850	177724869	MA0139.1_CTCF_human	11.668176699596428	-	177724859	28.3256581120491	4	4	Top by both scores
chr2	171416251	171416270	MA0139.1_CTCF_human	12.37375474791886	-	171416260	28.274097505569458	4	4	Top by both scores
chr17	8410438	8410457	MA0139.1_CTCF_human	16.093568050268733	+	8410447	28.22252299451828	4	4	Top by both scores
chr17	16521439	16521458	MA0139.1_CTCF_human	12.597123612788902	-	16521448	28.146985765457153	4	4	Top by both scores
chr2	71548818	71548837	MA0139.1_CTCF_human	12.958967642064252	+	71548827	28.13667458319664	4	4	Top by both scores
chr2	201232413	201232432	MA0139.1_CTCF_human	12.874070499163174	-	201232422	28.08251209592819	4	4	Top by both scores
chr2	211745489	211745508	MA0139.1_CTCF_human	13.322350815949084	+	211745498	28.055377127170562	4	4	Top by both scores
chr2	97697453	97697472	MA0139.1_CTCF_human	13.627233294294095	-	97697462	28.013620420455933	4	4	Top by both scores
chr2	68441915	68441934	MA0139.1_CTCF_human	14.751723137218136	-	68441924	27.961417677879332	4	4	Top by both scores
chr2	205926008	205926027	MA0139.1_CTCF_human	12.721028813722295	-	205926017	27.940397582530974	4	4	Top by both scores
chr17	76506532	76506551	MA0139.1_CTCF_human	13.686616776312851	-	76506541	27.91683708047867	4	4	Top by both scores
chr2	159118760	159118779	MA0139.1_CTCF_human	14.182544520098045	-	159118769	27.907975742816927	4	4	Top by both scores
chr2	39228272	39228291	MA0139.1_CTCF_human	13.388610566433352	-	39228281	27.85890942120552	4	4	Top by both scores
chr17	31525521	31525540	MA0139.1_CTCF_human	13.07182616416819	-	31525530	27.856281239032747	4	4	Top by both scores
chr17	32937099	32937118	MA0139.1_CTCF_human	15.47837324431542	-	32937108	27.811472157239916	4	4	Top by both scores
chr17	50026995	50027014	MA0139.1_CTCF_human	12.240215898804774	+	50027004	27.807622646331787	4	4	Top by both scores
chr17	21513159	21513178	MA0139.1_CTCF_human	12.55960084385966	-	21513168	27.756881316184998	4	4	Top by both scores
chr2	57497685	57497704	MA0139.1_CTCF_human	14.194169784431992	-	57497694	27.745043524265288	4	4	Top by both scores
chr17	41696144	41696163	MA0139.1_CTCF_human	15.044945447561416	-	41696153	27.721702637195587	4	4	Top by both scores
chr17	4566875	4566894	MA0139.1_CTCF_human	13.88492375282256	+	4566884	27.65527898979187	4	4	Top by both scores
chr2	166539542	166539561	MA0139.1_CTCF_human	12.46677325952888	+	166539551	27.64741404390335	4	4	Top by both scores
chr2	99559253	99559272	MA0139.1_CTCF_human	13.127921454127971	+	99559262	27.641474459886552	4	4	Top by both scores
chr17	72727857	72727876	MA0139.1_CTCF_human	12.48386918118518	+	72727866	27.586852697610855	4	4	Top by both scores
chr2	113138567	113138586	MA0139.1_CTCF_human	12.760857580018383	+	113138576	27.52624001979828	4	4	Top by both scores
chr17	5592575	5592594	MA0139.1_CTCF_human	13.658503695340173	+	5592584	27.47815389585495	4	4	Top by both scores
chr2	118881720	118881739	MA0139.1_CTCF_human	13.319041605791044	+	118881729	27.452149931430817	4	4	Top by both scores
chr2	113390430	113390449	MA0139.1_CTCF_human	12.194304744051516	-	113390439	27.435709387779237	4	4	Top by both scores
chr2	239035452	239035471	MA0139.1_CTCF_human	12.35597106618812	+	239035461	27.432418669223786	4	4	Top by both scores
chr2	30208545	30208564	MA0139.1_CTCF_human	11.628695699785002	+	30208554	27.428258785009383	4	4	Top by both scores
chr2	231852450	231852469	MA0139.1_CTCF_human	15.770834793011192	+	231852459	27.392802792549134	4	4	Top by both scores
chr2	46063099	46063118	MA0139.1_CTCF_human	12.548710267138848	+	46063108	27.368209183216095	4	4	Top by both scores
chr17	57999673	57999692	MA0139.1_CTCF_human	14.531646476368836	-	57999682	27.356803090572356	4	4	Top by both scores
chr2	71545863	71545882	MA0139.1_CTCF_human	13.143536150941609	+	71545872	27.35294286775589	4	4	Top by both scores
chr2	65640692	65640711	MA0139.1_CTCF_human	12.157680626489306	+	65640701	27.33654652547836	4	4	Top by both scores
chr2	63488301	63488320	MA0139.1_CTCF_human	11.7450825507204	-	63488310	27.33461818909645	4	4	Top by both scores
chr17	47978525	47978544	MA0139.1_CTCF_human	13.833684535717538	+	47978534	27.27692589569092	4	4	Top by both scores
chr17	48884839	48884858	MA0139.1_CTCF_human	13.275735680509186	-	48884848	27.240113869428633	4	4	Top by both scores
chr2	149597722	149597741	MA0139.1_CTCF_human	11.764626217247432	+	149597731	27.201847946882246	4	4	Top by both scores
chr17	8998194	8998213	MA0139.1_CTCF_human	13.337630941884058	-	8998203	27.162514199733735	4	4	Top by both scores
chr17	16453399	16453418	MA0139.1_CTCF_human	14.2582707793285	+	16453408	27.12242427754402	4	4	Top by both scores
chr2	28594462	28594481	MA0139.1_CTCF_human	15.427431301062116	+	28594471	27.115573994636534	4	4	Top by both scores
chr2	71510389	71510408	MA0139.1_CTCF_human	13.721239742029868	-	71510398	27.102455348014832	4	4	Top by both scores
chr17	32139058	32139077	MA0139.1_CTCF_human	12.393855526256642	-	32139067	27.078388051748277	4	4	Top by both scores
chr17	82424742	82424761	MA0139.1_CTCF_human	11.985442479088976	-	82424751	27.074970667362212	4	4	Top by both scores
chr17	73370058	73370077	MA0139.1_CTCF_human	17.52055993959608	-	73370067	27.07359883594513	4	4	Top by both scores
chr2	230850227	230850246	MA0139.1_CTCF_human	12.425834658661296	-	230850236	27.033763074874877	4	4	Top by both scores
chr17	65198936	65198955	MA0139.1_CTCF_human	15.881013651970624	-	65198945	26.96370827484131	4	4	Top by both scores
chr2	175690301	175690320	MA0139.1_CTCF_human	12.41397281778029	+	175690310	26.92216471362114	4	4	Top by both scores
chr17	74862406	74862425	MA0139.1_CTCF_human	12.382924796849998	-	74862415	26.886549915313722	4	4	Top by both scores
chr2	42829016	42829035	MA0139.1_CTCF_human	13.562889655429382	+	42829025	26.836405009269715	4	4	Top by both scores
chr2	199980220	199980239	MA0139.1_CTCF_human	12.137781860692062	+	199980229	26.823557988166808	4	4	Top by both scores
chr2	41698985	41699004	MA0139.1_CTCF_human	13.740721239117466	-	41698994	26.822213315963744	4	4	Top by both scores
chr17	63946936	63946955	MA0139.1_CTCF_human	12.800166537050398	-	63946945	26.815841526031495	4	4	Top by both scores
chr2	75640705	75640724	MA0139.1_CTCF_human	13.310188613221136	+	75640714	26.736831804990768	4	4	Top by both scores
chr2	227238441	227238460	MA0139.1_CTCF_human	12.199715018219049	-	227238450	26.72837628746033	4	4	Top by both scores
chr2	11682210	11682229	MA0139.1_CTCF_human	13.806311964476867	-	11682219	26.611348555088043	4	4	Top by both scores
chr17	58304458	58304477	MA0139.1_CTCF_human	13.423106389404545	+	58304467	26.600523830413817	4	4	Top by both scores
chr17	16386805	16386824	MA0139.1_CTCF_human	12.260737891415276	+	16386814	26.569298007965088	4	4	Top by both scores
chr2	169109940	169109959	MA0139.1_CTCF_human	14.274497431802576	+	169109949	26.55015948152542	4	4	Top by both scores
chr17	2786445	2786464	MA0139.1_CTCF_human	13.125122680789453	+	2786454	26.486818943977354	4	4	Top by both scores
chr17	44400420	44400439	MA0139.1_CTCF_human	12.984651279941328	+	44400429	26.440085277080534	4	4	Top by both scores
chr17	34420462	34420481	MA0139.1_CTCF_human	14.93787276961184	+	34420471	26.40380128955841	4	4	Top by both scores
chr17	64418913	64418932	MA0139.1_CTCF_human	11.821044399372449	-	64418922	26.349072098016737	4	4	Top by both scores
chr2	9139883	9139902	MA0139.1_CTCF_human	13.571742095737472	-	9139892	26.315822991609572	4	4	Top by both scores
chr2	26942781	26942800	MA0139.1_CTCF_human	11.90059859505164	-	26942790	26.24811804008484	4	4	Top by both scores
chr2	176455098	176455117	MA0139.1_CTCF_human	13.20767867791456	-	176455107	26.2278077173233	4	4	Top by both scores
chr2	24792912	24792931	MA0139.1_CTCF_human	11.84490633488112	+	24792921	26.214578815460204	4	4	Top by both scores
chr17	29807939	29807958	MA0139.1_CTCF_human	11.923147349287024	+	29807948	26.201696387529374	4	4	Top by both scores
chr17	4882162	4882181	MA0139.1_CTCF_human	12.376314925263348	-	4882171	26.17795413017273	4	4	Top by both scores
chr2	177335134	177335153	MA0139.1_CTCF_human	15.189761724924113	+	177335143	26.159610031604767	4	4	Top by both scores
chr2	165954236	165954255	MA0139.1_CTCF_human	14.34225203961387	+	165954245	26.1512389793396	4	4	Top by both scores
chr2	19363170	19363189	MA0139.1_CTCF_human	12.826255366846528	-	19363179	26.134276911973952	4	4	Top by both scores
chr2	227766480	227766499	MA0139.1_CTCF_human	14.003200654231064	-	227766489	26.120085809230805	4	4	Top by both scores
chr2	232327271	232327290	MA0139.1_CTCF_human	14.567351497225523	-	232327280	26.097117233276368	4	4	Top by both scores
chr17	31389553	31389572	MA0139.1_CTCF_human	12.76183394207786	+	31389562	26.053030313014983	4	4	Top by both scores
chr2	48589356	48589375	MA0139.1_CTCF_human	15.063597419471607	-	48589365	26.026303377628327	4	4	Top by both scores
chr17	7862821	7862840	MA0139.1_CTCF_human	14.070298589777304	+	7862830	25.88827694272995	4	4	Top by both scores
chr2	241078574	241078593	MA0139.1_CTCF_human	11.633528397450196	+	241078583	25.82125430417061	4	4	Top by both scores
chr17	46942697	46942716	MA0139.1_CTCF_human	12.562849048786685	+	46942706	25.815004816055296	4	4	Top by both scores
chr2	34096761	34096780	MA0139.1_CTCF_human	13.792967134880056	+	34096770	25.76475564324856	4	4	Top by both scores
chr2	27086619	27086638	MA0139.1_CTCF_human	13.334006509696351	+	27086628	25.719314082622528	4	4	Top by both scores
chr17	10737269	10737288	MA0139.1_CTCF_human	12.240650108483084	+	10737278	25.71713184928894	4	4	Top by both scores
chr2	217994036	217994055	MA0139.1_CTCF_human	16.99783626896093	-	217994045	25.682264196395874	4	4	Top by both scores
chr17	35969685	35969704	MA0139.1_CTCF_human	12.514740124277012	+	35969694	25.674623121261597	4	4	Top by both scores
chr2	3651183	3651202	MA0139.1_CTCF_human	13.257839270859154	-	3651192	25.631793319702147	4	4	Top by both scores
chr2	8685923	8685942	MA0139.1_CTCF_human	15.888016436766394	-	8685932	25.582906080007554	4	4	Top by both scores
chr17	4304602	4304621	MA0139.1_CTCF_human	12.632284029065016	-	4304611	25.526259353637695	4	4	Top by both scores
chr2	134118429	134118448	MA0139.1_CTCF_human	13.937371800139536	+	134118438	25.52553155517578	4	4	Top by both scores
chr17	76182346	76182365	MA0139.1_CTCF_human	11.824742196552837	-	76182355	25.45061234688759	4	4	Top by both scores
chr17	77088726	77088745	MA0139.1_CTCF_human	11.65159096440686	-	77088735	25.25038563156128	4	4	Top by both scores
chr17	44041616	44041635	MA0139.1_CTCF_human	12.728230558410452	-	44041625	25.199590983867644	4	4	Top by both scores
chr17	50817424	50817443	MA0139.1_CTCF_human	13.649390298892172	+	50817433	25.16969656610489	4	4	Top by both scores
chr17	50273317	50273336	MA0139.1_CTCF_human	13.10642375944679	-	50273326	25.15007919025421	4	4	Top by both scores
chr2	158034426	158034445	MA0139.1_CTCF_human	12.56932825882265	+	158034435	25.11894701886177	4	4	Top by both scores
chr17	43944154	43944173	MA0139.1_CTCF_human	14.003151683444782	+	43944163	25.09851126909256	4	4	Top by both scores
chr17	8158938	8158957	MA0139.1_CTCF_human	13.27697873881818	-	8158947	25.056848987579347	4	4	Top by both scores
chr2	176127201	176127220	MA0139.1_CTCF_human	12.820343110359708	+	176127210	25.027293727397918	4	4	Top by both scores
chr17	38322364	38322383	MA0139.1_CTCF_human	13.534864202757024	-	38322373	25.010430102348327	4	4	Top by both scores
chr2	119265336	119265355	MA0139.1_CTCF_human	13.739861508863816	-	119265345	24.98014072227478	4	4	Top by both scores
chr2	118003514	118003533	MA0139.1_CTCF_human	12.646685166710904	-	118003523	24.957501664161683	4	4	Top by both scores
